/,d,o,c,u,m,e,n,t,/,a,p,p,l,i,c,a,t,i,o,n,/,a,p,p,l,i,c,a,t,i,o,n,t,y,p,e,=,',M,O,'
d,o,c,u,m,e,n,t,/,a,p,p,l,i,c,a,t,i,o,n,/,a,p,p,l,i,c,a,t,i,o,n,t,y,p,e,=,',C,C,'
/,d,o,c,u,m,e,n,t,/,a,p,p,l,i,c,a,t,i,o,n,/,a,p,p,l,i,c,a,t,i,o,n,t,y,p,e,=,',P,L,'
d,o,c,u,m,e,n,t,/,a,p,p,l,i,c,a,t,i,o,n,/,f,a,c,i,l,i,t,y,l,i,s,t,/,f,a,c,i,l,i,t,y,/,f,a,c,i,l,i,t,y,c,o,d,e,=,',B,P,2,'
d,o,c,u,m,e,n,t,/,a,p,p,l,i,c,a,t,i,o,n,/,f,a,c,i,l,i,t,y,l,i,s,t,/,f,a,c,i,l,i,t,y,/,f,a,c,i,l,i,t,y,c,o,d,e,!,=,',B,P,2,'
d,o,c,u,m,e,n,t,/,a,p,p,l,i,c,a,t,i,o,n,/,a,p,p,l,i,c,a,t,i,o,n,r,e,f,e,r,e,n,c,e,n,o
d,o,c,u,m,e,n,t,/,a,p,p,l,i,c,a,t,i,o,n,/,c,u,s,t,o,m,e,r,/,h,o,s,t,c,i,f,n,o
d,o,c,u,m,e,n,t,/,a,p,p,l,i,c,a,t,i,o,n,/,a,p,p,l,i,c,a,t,i,o,n,r,e,f,e,r,e,n,c,e,n,o
d,o,c,u,m,e,n,t,/,a,p,p,l,i,c,a,t,i,o,n,/,r,e,q,u,e,s,t,n,a,t,u,r,e,!,=,',2,6,'
d,o,c,u,m,e,n,t,/,a,p,p,l,i,c,a,t,i,o,n,/,r,e,q,u,e,s,t,n,a,t,u,r,e,d,e,s,c
d,o,c,u,m,e,n,t,/,a,p,p,l,i,c,a,t,i,o,n,/,r,e,q,u,e,s,t,n,a,t,u,r,e,=,',2,6,'
d,o,c,u,m,e,n,t,/,a,p,p,l,i,c,a,t,i,o,n,/,r,e,q,u,e,s,t,n,a,t,u,r,e,d,e,s,c
c,o,u,n,t,(,d,o,c,u,m,e,n,t,/,a,p,p,l,i,c,a,t,i,o,n,/,j,o,i,n,t,c,u,s,t,o,m,e,r,l,i,s,t,/,c,u,s,t,o,m,e,r,)
d,o,c,u,m,e,n,t,/,a,p,p,l,i,c,a,t,i,o,n,/,a,p,p,l,i,c,a,t,i,o,n,t,y,p,e,=,',M,O,', ,o,r, ,d,o,c,u,m,e,n,t,/,a,p,p,l,i,c,a,t,i,o,n,/,a,p,p,l,i,c,a,t,i,o,n,t,y,p,e,=,',P,L,'
d,o,c,u,m,e,n,t,/,a,p,p,l,i,c,a,t,i,o,n,/,a,p,p,l,i,c,a,t,i,o,n,t,y,p,e,=,',C,C,'
d,o,c,u,m,e,n,t,/,a,p,p,l,i,c,a,t,i,o,n,/,a,p,p,l,i,c,a,t,i,o,n,t,y,p,e,=,',M,O,', ,o,r, ,d,o,c,u,m,e,n,t,/,a,p,p,l,i,c,a,t,i,o,n,/,a,p,p,l,i,c,a,t,i,o,n,t,y,p,e,=,',P,L,'
d,o,c,u,m,e,n,t,/,a,p,p,l,i,c,a,t,i,o,n,/,f,a,c,i,l,i,t,y,l,i,s,t,/,f,a,c,i,l,i,t,y
d,o,c,u,m,e,n,t,/,a,p,p,l,i,c,a,t,i,o,n,/,a,p,p,l,i,c,a,t,i,o,n,t,y,p,e,=,',C,C,'
d,o,c,u,m,e,n,t,/,a,p,p,l,i,c,a,t,i,o,n,/,r,e,q,u,e,s,t,n,a,t,u,r,e,=,',2,6,'
d,o,c,u,m,e,n,t,/,a,p,p,l,i,c,a,t,i,o,n,/,j,o,i,n,t,c,u,s,t,o,m,e,r,l,i,s,t,/,c,u,s,t,o,m,e,r,/,c,c,d,e,t,a,i,l,s,/,p,r,o,d,u,c,t,t,y,p,e,d,e,s,c
d,o,c,u,m,e,n,t,/,a,p,p,l,i,c,a,t,i,o,n,/,r,e,q,u,e,s,t,n,a,t,u,r,e,=,',1,7,', ,o,r, ,d,o,c,u,m,e,n,t,/,a,p,p,l,i,c,a,t,i,o,n,/,r,e,q,u,e,s,t,n,a,t,u,r,e,=,',1,8,', ,o,r, ,d,o,c,u,m,e,n,t,/,a,p,p,l,i,c,a,t,i,o,n,/,r,e,q,u,e,s,t,n,a,t,u,r,e,=,',2,7,'
d,o,c,u,m,e,n,t,/,a,p,p,l,i,c,a,t,i,o,n,/,c,u,s,t,o,m,e,r,/,c,c,d,e,t,a,i,l,s,/,p,r,o,d,u,c,t,t,y,p,e,d,e,s,c
d,o,c,u,m,e,n,t,/,a,p,p,l,i,c,a,t,i,o,n,/,r,e,q,u,e,s,t,n,a,t,u,r,e,!,=,',1,7,', ,a,n,d, ,d,o,c,u,m,e,n,t,/,a,p,p,l,i,c,a,t,i,o,n,/,r,e,q,u,e,s,t,n,a,t,u,r,e,!,=,',1,8,', ,a,n,d, ,d,o,c,u,m,e,n,t,/,a,p,p,l,i,c,a,t,i,o,n,/,r,e,q,u,e,s,t,n,a,t,u,r,e,!,=,',2,6,', ,a,n,d, ,d,o,c,u,m,e,n,t,/,a,p,p,l,i,c,a,t,i,o,n,/,r,e,q,u,e,s,t,n,a,t,u,r,e,!,=,',2,7,'
d,o,c,u,m,e,n,t,/,a,p,p,l,i,c,a,t,i,o,n,/,c,u,s,t,o,m,e,r,/,c,c,d,e,t,a,i,l,s,/,p,r,o,d,u,c,t,t,y,p,e,d,e,s,c
c,o,u,n,t,(,d,o,c,u,m,e,n,t,/,a,p,p,l,i,c,a,t,i,o,n,/,j,o,i,n,t,c,u,s,t,o,m,e,r,l,i,s,t,/,c,u,s,t,o,m,e,r,)
d,o,c,u,m,e,n,t,/,a,p,p,l,i,c,a,t,i,o,n,/,c,u,s,t,o,m,e,r,/,i,n,s,i,d,e,r,c,o,d,e,d,e,s,c
d,o,c,u,m,e,n,t,/,a,p,p,l,i,c,a,t,i,o,n,/,c,u,s,t,o,m,e,r,/,r,m,w,e,a,l,t,h,f,l,a,g
d,o,c,u,m,e,n,t,/,a,p,p,l,i,c,a,t,i,o,n,/,a,p,p,l,i,c,a,t,i,o,n,t,y,p,e,=,',M,O,', ,o,r, ,d,o,c,u,m,e,n,t,/,a,p,p,l,i,c,a,t,i,o,n,/,a,p,p,l,i,c,a,t,i,o,n,t,y,p,e,=,',P,L,'
d,o,c,u,m,e,n,t,/,a,p,p,l,i,c,a,t,i,o,n,/,f,a,c,i,l,i,t,y,l,i,s,t,/,f,a,c,i,l,i,t,y
(,/,d,o,c,u,m,e,n,t,/,a,p,p,l,i,c,a,t,i,o,n,/,a,p,p,l,i,c,a,t,i,o,n,t,y,p,e,=,',M,O,',), ,a,n,d, ,(,p,r,o,d,u,c,t,c,o,d,e,!,=,',H,E,0,7,', ,a,n,d, ,p,r,o,d,u,c,t,c,o,d,e,!,=,',H,E,0,8,', ,a,n,d, ,p,r,o,d,u,c,t,c,o,d,e,!,=,',H,E,0,9,', ,a,n,d, ,p,r,o,d,u,c,t,c,o,d,e,!,=,',H,E,1,0,',)
(,/,d,o,c,u,m,e,n,t,/,a,p,p,l,i,c,a,t,i,o,n,/,a,p,p,l,i,c,a,t,i,o,n,t,y,p,e,=,',M,O,',), ,a,n,d, ,(,p,r,o,d,u,c,t,c,o,d,e,=,',H,E,0,7,', ,o,r, ,p,r,o,d,u,c,t,c,o,d,e,=,',H,E,0,8,', ,o,r, ,p,r,o,d,u,c,t,c,o,d,e,=,',H,E,0,9,', ,o,r, ,p,r,o,d,u,c,t,c,o,d,e,=,',H,E,1,0,',)
/,d,o,c,u,m,e,n,t,/,a,p,p,l,i,c,a,t,i,o,n,/,a,p,p,l,i,c,a,t,i,o,n,t,y,p,e,=,',P,L,'
d,o,c,u,m,e,n,t,/,a,p,p,l,i,c,a,t,i,o,n,/,f,a,c,i,l,i,t,y,l,i,s,t,/,f,a,c,i,l,i,t,y,/,p,r,o,d,u,c,t,c,o,d,e,=,',B,P,2,0,4,'
d,o,c,u,m,e,n,t,/,a,p,p,l,i,c,a,t,i,o,n,/,r,e,q,u,e,s,t,n,a,t,u,r,e,=,',1,7,', ,o,r, ,d,o,c,u,m,e,n,t,/,a,p,p,l,i,c,a,t,i,o,n,/,r,e,q,u,e,s,t,n,a,t,u,r,e,=,',1,8,', ,o,r, ,d,o,c,u,m,e,n,t,/,a,p,p,l,i,c,a,t,i,o,n,/,r,e,q,u,e,s,t,n,a,t,u,r,e,=,',2,7,'
/,d,o,c,u,m,e,n,t,/,a,p,p,l,i,c,a,t,i,o,n,/,a,p,p,l,i,c,a,t,i,o,n,t,y,p,e,=,',P,L,'
d,o,c,u,m,e,n,t,/,a,p,p,l,i,c,a,t,i,o,n,/,f,a,c,i,l,i,t,y,l,i,s,t,/,f,a,c,i,l,i,t,y,/,e,x,i,s,t,l,i,m,i,t,f,o,r,m,a,t,t,e,d,w,i,t,h,d,e,c,i,m,a,l
d,o,c,u,m,e,n,t,/,a,p,p,l,i,c,a,t,i,o,n,/,f,a,c,i,l,i,t,y,l,i,s,t,/,f,a,c,i,l,i,t,y,/,l,i,m,i,t,a,p,p,l,i,e,d,f,o,r,m,a,t,t,e,d,w,i,t,h,d,e,c,i,m,a,l
d,o,c,u,m,e,n,t,/,a,p,p,l,i,c,a,t,i,o,n,/,a,p,p,l,i,c,a,t,i,o,n,t,y,p,e,=,',C,C,'
d,o,c,u,m,e,n,t,/,a,p,p,l,i,c,a,t,i,o,n,/,c,u,s,t,o,m,e,r,/,c,c,d,e,t,a,i,l,s,/,e,x,i,s,t,c,a,r,d,c,r,e,d,i,t,l,i,m,i,t,f,o,r,m,a,t,t,e,d,w,i,t,h,d,e,c,i,m,a,l
d,o,c,u,m,e,n,t,/,a,p,p,l,i,c,a,t,i,o,n,/,c,u,s,t,o,m,e,r,/,c,c,d,e,t,a,i,l,s,/,n,e,w,c,r,e,d,i,t,l,i,m,i,t,f,o,r,m,a,t,t,e,d,w,i,t,h,d,e,c,i,m,a,l
d,o,c,u,m,e,n,t,/,a,p,p,l,i,c,a,t,i,o,n,/,r,e,q,u,e,s,t,n,a,t,u,r,e,=,',0,6,', ,o,r, ,d,o,c,u,m,e,n,t,/,a,p,p,l,i,c,a,t,i,o,n,/,r,e,q,u,e,s,t,n,a,t,u,r,e,=,',1,8,'
/,d,o,c,u,m,e,n,t,/,a,p,p,l,i,c,a,t,i,o,n,/,a,p,p,l,i,c,a,t,i,o,n,t,y,p,e,=,',M,O,'
d,o,c,u,m,e,n,t,/,a,p,p,l,i,c,a,t,i,o,n,/,c,o,l,l,a,t,e,r,a,l,l,i,s,t,/,c,o,l,l,a,t,e,r,a,l,/,d,e,v,e,l,o,p,e,r,c,o,d,e,=,',D,1,1,9,'
d,o,c,u,m,e,n,t,/,a,p,p,l,i,c,a,t,i,o,n,/,c,o,l,l,a,t,e,r,a,l,l,i,s,t,/,c,o,l,l,a,t,e,r,a,l,/,d,e,v,e,l,o,p,e,r,n,a,m,e
(,d,o,c,u,m,e,n,t,/,a,p,p,l,i,c,a,t,i,o,n,/,c,o,l,l,a,t,e,r,a,l,l,i,s,t,/,c,o,l,l,a,t,e,r,a,l,/,d,e,v,e,l,o,p,e,r,c,o,d,e,!,=,',D,1,1,9,', ,o,r, ,d,o,c,u,m,e,n,t,/,a,p,p,l,i,c,a,t,i,o,n,/,c,o,l,l,a,t,e,r,a,l,l,i,s,t,/,c,o,l,l,a,t,e,r,a,l,/,d,e,v,e,l,o,p,e,r,c,o,d,e,=,',',)
d,o,c,u,m,e,n,t,/,a,p,p,l,i,c,a,t,i,o,n,/,c,o,l,l,a,t,e,r,a,l,l,i,s,t,/,c,o,l,l,a,t,e,r,a,l,/,d,e,v,e,l,o,p,e,r,c,o,d,e,d,e,s,c
d,o,c,u,m,e,n,t,/,a,p,p,l,i,c,a,t,i,o,n,/,c,o,l,l,a,t,e,r,a,l,l,i,s,t,/,c,o,l,l,a,t,e,r,a,l,/,p,r,o,j,e,c,t,i,d,=,',O,T,N,0,0,1,'
d,o,c,u,m,e,n,t,/,a,p,p,l,i,c,a,t,i,o,n,/,c,o,l,l,a,t,e,r,a,l,l,i,s,t,/,c,o,l,l,a,t,e,r,a,l,/,p,r,o,j,e,c,t,n,a,m,e
(,d,o,c,u,m,e,n,t,/,a,p,p,l,i,c,a,t,i,o,n,/,c,o,l,l,a,t,e,r,a,l,l,i,s,t,/,c,o,l,l,a,t,e,r,a,l,/,p,r,o,j,e,c,t,i,d,!,=,',O,T,N,0,0,1,', ,o,r, ,d,o,c,u,m,e,n,t,/,a,p,p,l,i,c,a,t,i,o,n,/,c,o,l,l,a,t,e,r,a,l,l,i,s,t,/,c,o,l,l,a,t,e,r,a,l,/,p,r,o,j,e,c,t,i,d,=,',',)
d,o,c,u,m,e,n,t,/,a,p,p,l,i,c,a,t,i,o,n,/,c,o,l,l,a,t,e,r,a,l,l,i,s,t,/,c,o,l,l,a,t,e,r,a,l,/,p,r,o,j,e,c,t,i,d,d,e,s,c
d,o,c,u,m,e,n,t,/,a,p,p,l,i,c,a,t,i,o,n,/,c,o,l,l,a,t,e,r,a,l,l,i,s,t,/,c,o,l,l,a,t,e,r,a,l,/,s,e,c,u,r,i,t,y,s,u,b,t,y,p,e,c,o,d,e,d,e,s,c
d,o,c,u,m,e,n,t,/,a,p,p,l,i,c,a,t,i,o,n,/,c,o,l,l,a,t,e,r,a,l,l,i,s,t,/,c,o,l,l,a,t,e,r,a,l,/,p,u,r,c,h,a,s,e,p,r,i,c,e,f,o,r,m,a,t,t,e,d,w,i,t,h,d,e,c,i,m,a,l
d,o,c,u,m,e,n,t,/,a,p,p,l,i,c,a,t,i,o,n,/,c,o,l,l,a,t,e,r,a,l,l,i,s,t,/,c,o,l,l,a,t,e,r,a,l,/,r,e,s,a,d,d,p,r,o,v,i,n,c,e,d,e,s,c
d,o,c,u,m,e,n,t,/,a,p,p,l,i,c,a,t,i,o,n,/,f,a,c,i,l,i,t,y,l,i,s,t,/,f,a,c,i,l,i,t,y
d,o,c,u,m,e,n,t,/,a,p,p,l,i,c,a,t,i,o,n,/,f,a,c,i,l,i,t,y,l,i,s,t,/,f,a,c,i,l,i,t,y,/,p,r,o,d,u,c,t,c,o,d,e,=,',R,C,0,1,'
d,o,c,u,m,e,n,t,/,a,p,p,l,i,c,a,t,i,o,n,/,a,p,p,l,i,c,a,t,i,o,n,t,y,p,e,=,',C,C,'
d,o,c,u,m,e,n,t,/,a,p,p,l,i,c,a,t,i,o,n,/,r,e,q,u,e,s,t,n,a,t,u,r,e,!,=,',2,6,'
/,d,o,c,u,m,e,n,t,/,a,p,p,l,i,c,a,t,i,o,n,/,a,p,p,l,i,c,a,t,i,o,n,t,y,p,e,=,',M,O,'
d,o,c,u,m,e,n,t,/,a,p,p,l,i,c,a,t,i,o,n,/,a,p,p,l,i,c,a,t,i,o,n,t,y,p,e,=,',C,C,'
d,o,c,u,m,e,n,t,/,a,p,p,l,i,c,a,t,i,o,n,/,r,e,q,u,e,s,t,n,a,t,u,r,e,=,',1,7,', ,o,r, ,d,o,c,u,m,e,n,t,/,a,p,p,l,i,c,a,t,i,o,n,/,r,e,q,u,e,s,t,n,a,t,u,r,e,=,',1,8,', ,o,r, ,d,o,c,u,m,e,n,t,/,a,p,p,l,i,c,a,t,i,o,n,/,r,e,q,u,e,s,t,n,a,t,u,r,e,=,',2,7,'
d,o,c,u,m,e,n,t,/,a,p,p,l,i,c,a,t,i,o,n,/,c,u,s,t,o,m,e,r,/,c,c,d,e,t,a,i,l,s,/,p,r,o,d,u,c,t,t,y,p,e,d,e,s,c
d,o,c,u,m,e,n,t,/,a,p,p,l,i,c,a,t,i,o,n,/,r,e,q,u,e,s,t,n,a,t,u,r,e,!,=,',1,7,', ,a,n,d, ,d,o,c,u,m,e,n,t,/,a,p,p,l,i,c,a,t,i,o,n,/,r,e,q,u,e,s,t,n,a,t,u,r,e,!,=,',1,8,', ,a,n,d, ,d,o,c,u,m,e,n,t,/,a,p,p,l,i,c,a,t,i,o,n,/,r,e,q,u,e,s,t,n,a,t,u,r,e,!,=,',2,7,'
d,o,c,u,m,e,n,t,/,a,p,p,l,i,c,a,t,i,o,n,/,c,u,s,t,o,m,e,r,/,c,c,d,e,t,a,i,l,s,/,p,r,o,d,u,c,t,t,y,p,e,d,e,s,c
/,d,o,c,u,m,e,n,t,/,a,p,p,l,i,c,a,t,i,o,n,/,a,p,p,l,i,c,a,t,i,o,n,t,y,p,e,=,',P,L,'
d,o,c,u,m,e,n,t,/,a,p,p,l,i,c,a,t,i,o,n,/,c,u,s,t,o,m,e,r,/,e,m,p,l,o,y,m,e,n,t,s,t,a,t,u,s,=,0,1
d,o,c,u,m,e,n,t,/,a,p,p,l,i,c,a,t,i,o,n,/,c,u,s,t,o,m,e,r,/,e,m,p,l,o,y,m,e,n,t,s,t,a,t,u,s,!,=,0,1
d,o,c,u,m,e,n,t,/,a,p,p,l,i,c,a,t,i,o,n,/,c,u,s,t,o,m,e,r,/,e,m,p,l,o,y,m,e,n,t,s,t,a,t,u,s,=,0,2
d,o,c,u,m,e,n,t,/,a,p,p,l,i,c,a,t,i,o,n,/,c,u,s,t,o,m,e,r,/,e,m,p,l,o,y,m,e,n,t,s,t,a,t,u,s,!,=,0,2
d,o,c,u,m,e,n,t,/,a,p,p,l,i,c,a,t,i,o,n,/,c,u,s,t,o,m,e,r,/,e,m,p,l,o,y,m,e,n,t,s,t,a,t,u,s,=,0,3
d,o,c,u,m,e,n,t,/,a,p,p,l,i,c,a,t,i,o,n,/,c,u,s,t,o,m,e,r,/,e,m,p,l,o,y,m,e,n,t,s,t,a,t,u,s,!,=,0,3
d,o,c,u,m,e,n,t,/,a,p,p,l,i,c,a,t,i,o,n,/,c,u,s,t,o,m,e,r,/,i,d,t,y,p,e,1,d,e,s,c
d,o,c,u,m,e,n,t,/,a,p,p,l,i,c,a,t,i,o,n,/,c,u,s,t,o,m,e,r,/,i,d,n,o,1
d,o,c,u,m,e,n,t,/,a,p,p,l,i,c,a,t,i,o,n,/,c,u,s,t,o,m,e,r,/,i,d,i,s,s,u,e,c,t,r,y,1,d,e,s,c
d,o,c,u,m,e,n,t,/,a,p,p,l,i,c,a,t,i,o,n,/,c,u,s,t,o,m,e,r,/,i,s,s,u,e,d,d,a,t,e,f,o,r,m,a,t,t,e,d
d,o,c,u,m,e,n,t,/,a,p,p,l,i,c,a,t,i,o,n,/,c,u,s,t,o,m,e,r,/,l,i,f,e,t,i,m,e,f,l,a,g,=,',Y,'
d,o,c,u,m,e,n,t,/,a,p,p,l,i,c,a,t,i,o,n,/,c,u,s,t,o,m,e,r,/,l,i,f,e,t,i,m,e,f,l,a,g,!,=,',Y,'
d,o,c,u,m,e,n,t,/,a,p,p,l,i,c,a,t,i,o,n,/,c,u,s,t,o,m,e,r,/,e,x,p,i,r,y,d,a,t,e,f,o,r,m,a,t,t,e,d
d,o,c,u,m,e,n,t,/,a,p,p,l,i,c,a,t,i,o,n,/,c,u,s,t,o,m,e,r,/,t,h,a,i,s,a,l,u,t,a,t,i,o,n,c,o,d,e,d,e,s,c
d,o,c,u,m,e,n,t,/,a,p,p,l,i,c,a,t,i,o,n,/,c,u,s,t,o,m,e,r,/,t,h,a,i,n,a,m,e
d,o,c,u,m,e,n,t,/,a,p,p,l,i,c,a,t,i,o,n,/,c,u,s,t,o,m,e,r,/,t,h,a,i,s,u,r,n,a,m,e
d,o,c,u,m,e,n,t,/,a,p,p,l,i,c,a,t,i,o,n,/,c,u,s,t,o,m,e,r,/,s,a,l,u,t,a,t,i,o,n,c,o,d,e,d,e,s,c
d,o,c,u,m,e,n,t,/,a,p,p,l,i,c,a,t,i,o,n,/,c,u,s,t,o,m,e,r,/,n,a,m,e,l,i,n,e,2
d,o,c,u,m,e,n,t,/,a,p,p,l,i,c,a,t,i,o,n,/,c,u,s,t,o,m,e,r,/,n,a,m,e,l,i,n,e,1
d,o,c,u,m,e,n,t,/,a,p,p,l,i,c,a,t,i,o,n,/,c,u,s,t,o,m,e,r,/,m,a,r,i,t,a,l,s,t,a,t,u,s,d,e,s,c
d,o,c,u,m,e,n,t,/,a,p,p,l,i,c,a,t,i,o,n,/,c,u,s,t,o,m,e,r,/,b,i,r,t,h,d,a,t,e,f,o,r,m,a,t,t,e,d
d,o,c,u,m,e,n,t,/,a,p,p,l,i,c,a,t,i,o,n,/,c,u,s,t,o,m,e,r,/,p,l,a,c,e,o,f,b,i,r,t,h,d,e,s,c
d,o,c,u,m,e,n,t,/,a,p,p,l,i,c,a,t,i,o,n,/,c,u,s,t,o,m,e,r,/,n,a,t,i,o,n,a,l,i,t,y,d,e,s,c
d,o,c,u,m,e,n,t,/,a,p,p,l,i,c,a,t,i,o,n,/,c,u,s,t,o,m,e,r,/,n,a,t,i,o,n,a,l,i,t,y,2,d,e,s,c
d,o,c,u,m,e,n,t,/,a,p,p,l,i,c,a,t,i,o,n,/,c,u,s,t,o,m,e,r,/,s,o,u,r,c,e,f,r,o,m,c,o,u,n,t,r,y,d,e,s,c
/,d,o,c,u,m,e,n,t,/,a,p,p,l,i,c,a,t,i,o,n,/,a,p,p,l,i,c,a,t,i,o,n,t,y,p,e,=,',M,O,'
d,o,c,u,m,e,n,t,/,a,p,p,l,i,c,a,t,i,o,n,/,c,u,s,t,o,m,e,r,/,m,a,r,i,t,a,l,s,t,a,t,u,s,=,',M,', ,o,r, ,d,o,c,u,m,e,n,t,/,a,p,p,l,i,c,a,t,i,o,n,/,c,u,s,t,o,m,e,r,/,m,a,r,i,t,a,l,s,t,a,t,u,s,=,',N,'
d,o,c,u,m,e,n,t,/,a,p,p,l,i,c,a,t,i,o,n,/,c,u,s,t,o,m,e,r,/,m,o,b,i,l,e,n,o
d,o,c,u,m,e,n,t,/,a,p,p,l,i,c,a,t,i,o,n,/,c,u,s,t,o,m,e,r,/,e,m,a,i,l
/,d,o,c,u,m,e,n,t,/,a,p,p,l,i,c,a,t,i,o,n,/,a,p,p,l,i,c,a,t,i,o,n,t,y,p,e,=,',P,L,', ,o,r, ,/,d,o,c,u,m,e,n,t,/,a,p,p,l,i,c,a,t,i,o,n,/,a,p,p,l,i,c,a,t,i,o,n,t,y,p,e,=,',C,C,'
d,o,c,u,m,e,n,t,/,a,p,p,l,i,c,a,t,i,o,n,/,r,e,q,u,e,s,t,n,a,t,u,r,e,!,=,',1,7,', ,a,n,d, ,d,o,c,u,m,e,n,t,/,a,p,p,l,i,c,a,t,i,o,n,/,r,e,q,u,e,s,t,n,a,t,u,r,e,!,=,',1,8,', ,a,n,d, ,d,o,c,u,m,e,n,t,/,a,p,p,l,i,c,a,t,i,o,n,/,r,e,q,u,e,s,t,n,a,t,u,r,e,!,=,',2,7,'
d,o,c,u,m,e,n,t,/,a,p,p,l,i,c,a,t,i,o,n,/,c,u,s,t,o,m,e,r,/,e,m,a,i,l,s,t,a,t,e,m,e,n,t,f,l,a,g,=,',Y,'
d,o,c,u,m,e,n,t,/,a,p,p,l,i,c,a,t,i,o,n,/,c,u,s,t,o,m,e,r,/,e,m,a,i,l,s,t,a,t,e,m,e,n,t,f,l,a,g,!,=,',Y,'
d,o,c,u,m,e,n,t,/,a,p,p,l,i,c,a,t,i,o,n,/,c,u,s,t,o,m,e,r,/,e,m,a,i,l,s,t,a,t,e,m,e,n,t,f,l,a,g,=,',N,'
d,o,c,u,m,e,n,t,/,a,p,p,l,i,c,a,t,i,o,n,/,c,u,s,t,o,m,e,r,/,e,m,a,i,l,s,t,a,t,e,m,e,n,t,f,l,a,g,!,=,',N,'
d,o,c,u,m,e,n,t,/,a,p,p,l,i,c,a,t,i,o,n,/,r,e,q,u,e,s,t,n,a,t,u,r,e,!,=,',1,7,', ,a,n,d, ,d,o,c,u,m,e,n,t,/,a,p,p,l,i,c,a,t,i,o,n,/,r,e,q,u,e,s,t,n,a,t,u,r,e,!,=,',1,8,', ,a,n,d, ,d,o,c,u,m,e,n,t,/,a,p,p,l,i,c,a,t,i,o,n,/,r,e,q,u,e,s,t,n,a,t,u,r,e,!,=,',2,7,'
/,d,o,c,u,m,e,n,t,/,a,p,p,l,i,c,a,t,i,o,n,/,a,p,p,l,i,c,a,t,i,o,n,t,y,p,e,=,',P,L,', ,o,r, ,/,d,o,c,u,m,e,n,t,/,a,p,p,l,i,c,a,t,i,o,n,/,a,p,p,l,i,c,a,t,i,o,n,t,y,p,e,=,',C,C,'
d,o,c,u,m,e,n,t,/,a,p,p,l,i,c,a,t,i,o,n,/,a,p,p,l,i,c,a,t,i,o,n,t,y,p,e,=,',M,O,', ,o,r, ,d,o,c,u,m,e,n,t,/,a,p,p,l,i,c,a,t,i,o,n,/,a,p,p,l,i,c,a,t,i,o,n,t,y,p,e,=,',P,L,'
d,o,c,u,m,e,n,t,/,a,p,p,l,i,c,a,t,i,o,n,/,f,a,c,i,l,i,t,y,l,i,s,t,/,f,a,c,i,l,i,t,y,/,p,r,o,d,u,c,t,c,o,d,e,!,=,',R,C,0,1,'
d,o,c,u,m,e,n,t,/,a,p,p,l,i,c,a,t,i,o,n,/,c,u,s,t,o,m,e,r,/,m,a,i,l,i,n,g,p,r,e,f,e,r,e,n,c,e,d,e,s,c
d,o,c,u,m,e,n,t,/,a,p,p,l,i,c,a,t,i,o,n,/,f,a,c,i,l,i,t,y,l,i,s,t,/,f,a,c,i,l,i,t,y,/,p,r,o,d,u,c,t,c,o,d,e,=,',R,C,0,1,'
d,o,c,u,m,e,n,t,/,a,p,p,l,i,c,a,t,i,o,n,/,c,u,s,t,o,m,e,r,/,m,a,i,l,i,n,g,p,r,e,f,e,r,e,n,c,e,d,e,s,c
d,o,c,u,m,e,n,t,/,a,p,p,l,i,c,a,t,i,o,n,/,a,p,p,l,i,c,a,t,i,o,n,t,y,p,e,=,',C,C,'
d,o,c,u,m,e,n,t,/,a,p,p,l,i,c,a,t,i,o,n,/,c,u,s,t,o,m,e,r,/,c,c,d,e,t,a,i,l,s,/,m,a,i,l,i,n,g,p,r,e,f,e,r,e,n,c,e,d,e,s,c
d,o,c,u,m,e,n,t,/,a,p,p,l,i,c,a,t,i,o,n,/,c,u,s,t,o,m,e,r,/,a,d,d,r,e,s,s,l,i,s,t,/,a,d,d,r,e,s,s
.,.,/,.,.,/,.,.,/,.,.,/,.,.,/,d,o,c,u,m,e,n,t,/,a,p,p,l,i,c,a,t,i,o,n,/,c,u,s,t,o,m,e,r,/,r,e,g,i,s,t,e,r,t,e,l,e,p,h,o,n,e,n,o, 
.,.,/,.,.,/,.,.,/,.,.,/,.,.,/,d,o,c,u,m,e,n,t,/,a,p,p,l,i,c,a,t,i,o,n,/,c,u,s,t,o,m,e,r,/,r,e,g,i,s,t,e,r,e,x,t,t,e,l,e,p,h,o,n,e,n,o
d,o,c,u,m,e,n,t,/,a,p,p,l,i,c,a,t,i,o,n,/,c,u,s,t,o,m,e,r,/,a,d,d,r,e,s,s,l,i,s,t,/,a,d,d,r,e,s,s
.,.,/,.,.,/,.,.,/,.,.,/,.,.,/,d,o,c,u,m,e,n,t,/,a,p,p,l,i,c,a,t,i,o,n,/,c,u,s,t,o,m,e,r,/,t,e,l,e,p,h,o,n,e,n,o
.,.,/,.,.,/,.,.,/,.,.,/,.,.,/,d,o,c,u,m,e,n,t,/,a,p,p,l,i,c,a,t,i,o,n,/,c,u,s,t,o,m,e,r,/,e,x,t,t,e,l,e,p,h,o,n,e,n,o
.,.,/,.,.,/,.,.,/,.,.,/,.,.,/,d,o,c,u,m,e,n,t,/,a,p,p,l,i,c,a,t,i,o,n,/,c,u,s,t,o,m,e,r,/,r,e,s,i,d,e,n,t,t,y,p,e,d,e,s,c
d,o,c,u,m,e,n,t,/,a,p,p,l,i,c,a,t,i,o,n,/,c,u,s,t,o,m,e,r,/,a,d,d,r,e,s,s,l,i,s,t,/,a,d,d,r,e,s,s
.,.,/,.,.,/,.,.,/,.,.,/,.,.,/,d,o,c,u,m,e,n,t,/,a,p,p,l,i,c,a,t,i,o,n,/,c,u,s,t,o,m,e,r,/,e,m,p,l,o,y,m,e,n,t,t,e,l,e,p,h,o,n,e,n,o
.,.,/,.,.,/,.,.,/,.,.,/,.,.,/,d,o,c,u,m,e,n,t,/,a,p,p,l,i,c,a,t,i,o,n,/,c,u,s,t,o,m,e,r,/,e,m,p,l,o,y,m,e,n,t,t,e,l,e,p,h,o,n,e,e,x,t,n,o
.,.,/,.,.,/,.,.,/,.,.,/,.,.,/,d,o,c,u,m,e,n,t,/,a,p,p,l,i,c,a,t,i,o,n,/,c,u,s,t,o,m,e,r,/,e,m,p,l,o,y,m,e,n,t,f,a,x,n,o
d,o,c,u,m,e,n,t,/,a,p,p,l,i,c,a,t,i,o,n,/,c,u,s,t,o,m,e,r,/,e,m,p,l,o,y,m,e,n,t,o,c,c,u,p,a,t,i,o,n,d,e,s,c
d,o,c,u,m,e,n,t,/,a,p,p,l,i,c,a,t,i,o,n,/,c,u,s,t,o,m,e,r,/,e,m,p,l,o,y,m,e,n,t,b,i,z,n,a,t,u,r,e,d,e,s,c
d,o,c,u,m,e,n,t,/,a,p,p,l,i,c,a,t,i,o,n,/,c,u,s,t,o,m,e,r,/,p,r,o,f,e,s,s,i,o,n,a,l,c,o,d,e,d,e,s,c
d,o,c,u,m,e,n,t,/,a,p,p,l,i,c,a,t,i,o,n,/,c,u,s,t,o,m,e,r,/,e,m,p,l,o,y,m,e,n,t,s,t,a,t,u,s,=,0,1
d,o,c,u,m,e,n,t,/,a,p,p,l,i,c,a,t,i,o,n,/,c,u,s,t,o,m,e,r,/,e,m,p,l,o,y,m,e,n,t,y,e,a,r
d,o,c,u,m,e,n,t,/,a,p,p,l,i,c,a,t,i,o,n,/,c,u,s,t,o,m,e,r,/,e,m,p,l,o,y,m,e,n,t,m,o,n,t,h
d,o,c,u,m,e,n,t,/,a,p,p,l,i,c,a,t,i,o,n,/,c,u,s,t,o,m,e,r,/,e,m,p,l,o,y,m,e,n,t,s,t,a,t,u,s,=,0,2
d,o,c,u,m,e,n,t,/,a,p,p,l,i,c,a,t,i,o,n,/,c,u,s,t,o,m,e,r,/,e,m,p,l,o,y,m,e,n,t,y,e,a,r
d,o,c,u,m,e,n,t,/,a,p,p,l,i,c,a,t,i,o,n,/,c,u,s,t,o,m,e,r,/,e,m,p,l,o,y,m,e,n,t,m,o,n,t,h
d,o,c,u,m,e,n,t,/,a,p,p,l,i,c,a,t,i,o,n,/,c,u,s,t,o,m,e,r,/,c,o,n,t,r,a,c,t,e,m,p,l,o,y,e,d,f,l,a,g,=,',Y,'
d,o,c,u,m,e,n,t,/,a,p,p,l,i,c,a,t,i,o,n,/,c,u,s,t,o,m,e,r,/,c,o,n,t,r,a,c,t,e,m,p,s,t,a,r,t,d,a,t,e,f,o,r,m,a,t,t,e,d
d,o,c,u,m,e,n,t,/,a,p,p,l,i,c,a,t,i,o,n,/,c,u,s,t,o,m,e,r,/,c,o,n,t,r,a,c,t,e,m,p,e,n,d,d,a,t,e,f,o,r,m,a,t,t,e,d
d,o,c,u,m,e,n,t,/,a,p,p,l,i,c,a,t,i,o,n,/,c,u,s,t,o,m,e,r,/,e,m,p,l,o,y,m,e,n,t,n,a,m,e,!,=,','
d,o,c,u,m,e,n,t,/,a,p,p,l,i,c,a,t,i,o,n,/,c,u,s,t,o,m,e,r,/,e,m,p,l,o,y,m,e,n,t,n,a,m,e
d,o,c,u,m,e,n,t,/,a,p,p,l,i,c,a,t,i,o,n,/,c,u,s,t,o,m,e,r,/,c,u,r,r,e,n,t,e,m,p,l,o,y,e,r,c,o,d,e,d,e,s,c,!,=,','
d,o,c,u,m,e,n,t,/,a,p,p,l,i,c,a,t,i,o,n,/,c,u,s,t,o,m,e,r,/,c,u,r,r,e,n,t,e,m,p,l,o,y,e,r,c,o,d,e,d,e,s,c
d,o,c,u,m,e,n,t,/,a,p,p,l,i,c,a,t,i,o,n,/,c,u,s,t,o,m,e,r,/,e,m,p,l,o,y,m,e,n,t,s,t,a,t,u,s,!,=,0,2
d,o,c,u,m,e,n,t,/,a,p,p,l,i,c,a,t,i,o,n,/,c,u,s,t,o,m,e,r,/,i,n,c,o,m,e,b,a,s,i,c,s,a,l,a,r,y,f,o,r,m,a,t,t,e,d,w,i,t,h,d,e,c,i,m,a,l
d,o,c,u,m,e,n,t,/,a,p,p,l,i,c,a,t,i,o,n,/,c,u,s,t,o,m,e,r,/,i,n,c,o,m,e,o,t,h,e,r,i,n,c,o,m,e,f,o,r,m,a,t,t,e,d,w,i,t,h,d,e,c,i,m,a,l
d,o,c,u,m,e,n,t,/,a,p,p,l,i,c,a,t,i,o,n,/,c,u,s,t,o,m,e,r,/,b,o,n,u,s,y,e,a,r,l,y,f,o,r,m,a,t,t,e,d,w,i,t,h,d,e,c,i,m,a,l
d,o,c,u,m,e,n,t,/,a,p,p,l,i,c,a,t,i,o,n,/,c,u,s,t,o,m,e,r,/,i,n,c,o,m,e,e,x,t,r,a,o,t,h,e,r,f,o,r,m,a,t,t,e,d,w,i,t,h,d,e,c,i,m,a,l
d,o,c,u,m,e,n,t,/,a,p,p,l,i,c,a,t,i,o,n,/,c,u,s,t,o,m,e,r,/,e,m,p,l,o,y,m,e,n,t,s,t,a,t,u,s,=,0,2
d,o,c,u,m,e,n,t,/,a,p,p,l,i,c,a,t,i,o,n,/,c,u,s,t,o,m,e,r,/,i,n,c,o,m,e,s,h,a,r,e,d,h,o,l,d,e,r,p,e,r,c,e,n,t,f,o,r,m,a,t,t,e,d,w,i,t,h,d,e,c,i,m,a,l
d,o,c,u,m,e,n,t,/,a,p,p,l,i,c,a,t,i,o,n,/,c,u,s,t,o,m,e,r,/,i,n,c,o,m,e,t,o,t,a,l,l,a,s,t,m,t,h,c,r,e,d,i,t,a,c,c,t,1,f,o,r,m,a,t,t,e,d,w,i,t,h,d,e,c,i,m,a,l
d,o,c,u,m,e,n,t,/,a,p,p,l,i,c,a,t,i,o,n,/,c,u,s,t,o,m,e,r,/,i,n,c,o,m,e,t,o,t,a,l,l,a,s,t,m,t,h,c,r,e,d,i,t,a,c,c,t,2,f,o,r,m,a,t,t,e,d,w,i,t,h,d,e,c,i,m,a,l
d,o,c,u,m,e,n,t,/,a,p,p,l,i,c,a,t,i,o,n,/,c,u,s,t,o,m,e,r,/,i,n,c,o,m,e,t,y,p,e,d,e,s,c
d,o,c,u,m,e,n,t,/,a,p,p,l,i,c,a,t,i,o,n,/,c,u,s,t,o,m,e,r,/,i,n,c,o,m,e,b,a,n,k,n,a,m,e
d,o,c,u,m,e,n,t,/,a,p,p,l,i,c,a,t,i,o,n,/,c,u,s,t,o,m,e,r,/,i,n,c,o,m,e,b,a,n,k,a,c,c,o,u,t,n,u,m,b,e,r
/,d,o,c,u,m,e,n,t,/,a,p,p,l,i,c,a,t,i,o,n,/,a,p,p,l,i,c,a,t,i,o,n,t,y,p,e,=,',P,L,'
d,o,c,u,m,e,n,t,/,a,p,p,l,i,c,a,t,i,o,n,/,f,a,c,i,l,i,t,y,l,i,s,t,/,f,a,c,i,l,i,t,y,/,f,a,c,i,l,i,t,y,c,o,d,e,!,=,',R,C,'
d,o,c,u,m,e,n,t,/,a,p,p,l,i,c,a,t,i,o,n,/,f,a,c,i,l,i,t,y,l,i,s,t,/,f,a,c,i,l,i,t,y,/,d,i,s,b,b,a,n,k,c,o,d,e,d,e,s,c
d,o,c,u,m,e,n,t,/,a,p,p,l,i,c,a,t,i,o,n,/,f,a,c,i,l,i,t,y,l,i,s,t,/,f,a,c,i,l,i,t,y,/,d,i,s,b,a,c,c,o,u,n,t,n,a,m,e
d,o,c,u,m,e,n,t,/,a,p,p,l,i,c,a,t,i,o,n,/,f,a,c,i,l,i,t,y,l,i,s,t,/,f,a,c,i,l,i,t,y,/,d,i,s,b,a,c,c,o,u,n,t,n,u,m,b,e,r
d,o,c,u,m,e,n,t,/,a,p,p,l,i,c,a,t,i,o,n,/,f,a,c,i,l,i,t,y,l,i,s,t,/,f,a,c,i,l,i,t,y,/,f,a,c,i,l,i,t,y,c,o,d,e,=,',B,P,2,'
/,d,o,c,u,m,e,n,t,/,a,p,p,l,i,c,a,t,i,o,n,/,a,p,p,l,i,c,a,t,i,o,n,t,y,p,e,=,',P,L,', ,o,r, ,/,d,o,c,u,m,e,n,t,/,a,p,p,l,i,c,a,t,i,o,n,/,a,p,p,l,i,c,a,t,i,o,n,t,y,p,e,=,',C,C,'
d,o,c,u,m,e,n,t,/,a,p,p,l,i,c,a,t,i,o,n,/,r,e,q,u,e,s,t,n,a,t,u,r,e,!,=,',1,7,', ,a,n,d, ,d,o,c,u,m,e,n,t,/,a,p,p,l,i,c,a,t,i,o,n,/,r,e,q,u,e,s,t,n,a,t,u,r,e,!,=,',1,8,', ,a,n,d, ,d,o,c,u,m,e,n,t,/,a,p,p,l,i,c,a,t,i,o,n,/,r,e,q,u,e,s,t,n,a,t,u,r,e,!,=,',2,7,'
d,o,c,u,m,e,n,t,/,a,p,p,l,i,c,a,t,i,o,n,/,a,p,p,l,i,c,a,t,i,o,n,t,y,p,e,=,',C,C,', ,o,r, ,d,o,c,u,m,e,n,t,/,a,p,p,l,i,c,a,t,i,o,n,/,f,a,c,i,l,i,t,y,l,i,s,t,/,f,a,c,i,l,i,t,y,/,f,a,c,i,l,i,t,y,c,o,d,e,!,=,',B,P,2,'
d,o,c,u,m,e,n,t,/,a,p,p,l,i,c,a,t,i,o,n,/,a,p,p,l,i,c,a,t,i,o,n,t,y,p,e,=,',C,C,'
d,o,c,u,m,e,n,t,/,a,p,p,l,i,c,a,t,i,o,n,/,c,u,s,t,o,m,e,r,/,c,c,d,e,t,a,i,l,s,/,p,a,y,m,e,n,t,m,e,t,h,o,d,=,0
d,o,c,u,m,e,n,t,/,a,p,p,l,i,c,a,t,i,o,n,/,c,u,s,t,o,m,e,r,/,c,c,d,e,t,a,i,l,s,/,p,a,y,m,e,n,t,m,e,t,h,o,d,!,=,0
/,d,o,c,u,m,e,n,t,/,a,p,p,l,i,c,a,t,i,o,n,/,a,p,p,l,i,c,a,t,i,o,n,t,y,p,e,=,',P,L,'
d,o,c,u,m,e,n,t,/,a,p,p,l,i,c,a,t,i,o,n,/,f,a,c,i,l,i,t,y,l,i,s,t,/,f,a,c,i,l,i,t,y,/,p,a,y,m,e,t,h,o,d,=,0
d,o,c,u,m,e,n,t,/,a,p,p,l,i,c,a,t,i,o,n,/,f,a,c,i,l,i,t,y,l,i,s,t,/,f,a,c,i,l,i,t,y,/,p,a,y,m,e,t,h,o,d,!,=,0
/,d,o,c,u,m,e,n,t,/,a,p,p,l,i,c,a,t,i,o,n,/,a,p,p,l,i,c,a,t,i,o,n,t,y,p,e,=,',P,L,'
d,o,c,u,m,e,n,t,/,a,p,p,l,i,c,a,t,i,o,n,/,f,a,c,i,l,i,t,y,l,i,s,t,/,f,a,c,i,l,i,t,y,/,f,a,c,i,l,i,t,y,c,o,d,e,!,=,',C,2,G,'
d,o,c,u,m,e,n,t,/,a,p,p,l,i,c,a,t,i,o,n,/,f,a,c,i,l,i,t,y,l,i,s,t,/,f,a,c,i,l,i,t,y,/,p,r,o,d,u,c,t,c,o,d,e,=,',R,C,0,1,'
d,o,c,u,m,e,n,t,/,a,p,p,l,i,c,a,t,i,o,n,/,f,a,c,i,l,i,t,y,l,i,s,t,/,f,a,c,i,l,i,t,y,/,p,r,o,d,u,c,t,c,o,d,e,!,=,',R,C,0,1,'
d,o,c,u,m,e,n,t,/,a,p,p,l,i,c,a,t,i,o,n,/,f,a,c,i,l,i,t,y,l,i,s,t,/,f,a,c,i,l,i,t,y,/,f,a,c,i,l,i,t,y,c,o,d,e,=,',C,2,G,'
d,o,c,u,m,e,n,t,/,a,p,p,l,i,c,a,t,i,o,n,/,a,p,p,l,i,c,a,t,i,o,n,t,y,p,e,=,',C,C,'
d,o,c,u,m,e,n,t,/,a,p,p,l,i,c,a,t,i,o,n,/,a,p,p,l,i,c,a,t,i,o,n,t,y,p,e,=,',C,C,'
d,o,c,u,m,e,n,t,/,a,p,p,l,i,c,a,t,i,o,n,/,c,u,s,t,o,m,e,r,/,c,c,d,e,t,a,i,l,s,/,p,a,y,m,e,n,t,m,e,t,h,o,d,=,1
d,o,c,u,m,e,n,t,/,a,p,p,l,i,c,a,t,i,o,n,/,c,u,s,t,o,m,e,r,/,c,c,d,e,t,a,i,l,s,/,p,a,y,m,e,n,t,m,e,t,h,o,d,!,=,1
/,d,o,c,u,m,e,n,t,/,a,p,p,l,i,c,a,t,i,o,n,/,a,p,p,l,i,c,a,t,i,o,n,t,y,p,e,=,',P,L,'
d,o,c,u,m,e,n,t,/,a,p,p,l,i,c,a,t,i,o,n,/,f,a,c,i,l,i,t,y,l,i,s,t,/,f,a,c,i,l,i,t,y,/,p,a,y,m,e,t,h,o,d,=,1
d,o,c,u,m,e,n,t,/,a,p,p,l,i,c,a,t,i,o,n,/,f,a,c,i,l,i,t,y,l,i,s,t,/,f,a,c,i,l,i,t,y,/,p,a,y,m,e,t,h,o,d,!,=,1
d,o,c,u,m,e,n,t,/,a,p,p,l,i,c,a,t,i,o,n,/,a,p,p,l,i,c,a,t,i,o,n,t,y,p,e,=,',C,C,'
/,d,o,c,u,m,e,n,t,/,a,p,p,l,i,c,a,t,i,o,n,/,a,p,p,l,i,c,a,t,i,o,n,t,y,p,e,=,',P,L,'
d,o,c,u,m,e,n,t,/,a,p,p,l,i,c,a,t,i,o,n,/,a,p,p,l,i,c,a,t,i,o,n,t,y,p,e,=,',C,C,'
d,o,c,u,m,e,n,t,/,a,p,p,l,i,c,a,t,i,o,n,/,c,u,s,t,o,m,e,r,/,c,c,d,e,t,a,i,l,s,/,d,e,b,i,t,a,c,c,o,u,n,t,n,o
/,d,o,c,u,m,e,n,t,/,a,p,p,l,i,c,a,t,i,o,n,/,a,p,p,l,i,c,a,t,i,o,n,t,y,p,e,=,',P,L,'
d,o,c,u,m,e,n,t,/,a,p,p,l,i,c,a,t,i,o,n,/,f,a,c,i,l,i,t,y,l,i,s,t,/,f,a,c,i,l,i,t,y,/,p,a,y,a,c,c,o,u,n,t,n,u,m,b,e,r
d,o,c,u,m,e,n,t,/,a,p,p,l,i,c,a,t,i,o,n,/,a,p,p,l,i,c,a,t,i,o,n,t,y,p,e,=,',C,C,'
d,o,c,u,m,e,n,t,/,a,p,p,l,i,c,a,t,i,o,n,/,c,u,s,t,o,m,e,r,/,c,c,d,e,t,a,i,l,s,/,d,e,b,i,t,a,c,c,o,u,n,t,n,a,m,e
/,d,o,c,u,m,e,n,t,/,a,p,p,l,i,c,a,t,i,o,n,/,a,p,p,l,i,c,a,t,i,o,n,t,y,p,e,=,',P,L,'
d,o,c,u,m,e,n,t,/,a,p,p,l,i,c,a,t,i,o,n,/,f,a,c,i,l,i,t,y,l,i,s,t,/,f,a,c,i,l,i,t,y,/,p,a,y,a,c,c,o,u,n,t,n,a,m,e
d,o,c,u,m,e,n,t,/,a,p,p,l,i,c,a,t,i,o,n,/,a,p,p,l,i,c,a,t,i,o,n,t,y,p,e,=,',C,C,', ,o,r, ,d,o,c,u,m,e,n,t,/,a,p,p,l,i,c,a,t,i,o,n,/,f,a,c,i,l,i,t,y,l,i,s,t,/,f,a,c,i,l,i,t,y,/,p,r,o,d,u,c,t,c,o,d,e,=,',R,C,0,1,'
/,d,o,c,u,m,e,n,t,/,a,p,p,l,i,c,a,t,i,o,n,/,a,p,p,l,i,c,a,t,i,o,n,t,y,p,e,=,',P,L,'
d,o,c,u,m,e,n,t,/,a,p,p,l,i,c,a,t,i,o,n,/,f,a,c,i,l,i,t,y,l,i,s,t,/,f,a,c,i,l,i,t,y,/,p,r,o,d,u,c,t,c,o,d,e,=,',R,C,0,1,'
d,o,c,u,m,e,n,t,/,a,p,p,l,i,c,a,t,i,o,n,/,f,a,c,i,l,i,t,y,l,i,s,t,/,f,a,c,i,l,i,t,y,/,p,r,o,d,u,c,t,c,o,d,e,!,=,',R,C,0,1,'
d,o,c,u,m,e,n,t,/,a,p,p,l,i,c,a,t,i,o,n,/,a,p,p,l,i,c,a,t,i,o,n,t,y,p,e,=,',C,C,'
d,o,c,u,m,e,n,t,/,a,p,p,l,i,c,a,t,i,o,n,/,f,a,c,i,l,i,t,y,l,i,s,t,/,f,a,c,i,l,i,t,y,/,f,a,c,i,l,i,t,y,c,o,d,e,=,',B,P,2,'
d,o,c,u,m,e,n,t,/,a,p,p,l,i,c,a,t,i,o,n,/,f,a,c,i,l,i,t,y,l,i,s,t,/,f,a,c,i,l,i,t,y,/,p,a,y,m,e,t,h,o,d,=,3
d,o,c,u,m,e,n,t,/,a,p,p,l,i,c,a,t,i,o,n,/,f,a,c,i,l,i,t,y,l,i,s,t,/,f,a,c,i,l,i,t,y,/,p,a,y,m,e,t,h,o,d,!,=,3
d,o,c,u,m,e,n,t,/,a,p,p,l,i,c,a,t,i,o,n,/,f,a,c,i,l,i,t,y,l,i,s,t,/,f,a,c,i,l,i,t,y,/,p,a,y,m,e,t,h,o,d,=,1
d,o,c,u,m,e,n,t,/,a,p,p,l,i,c,a,t,i,o,n,/,f,a,c,i,l,i,t,y,l,i,s,t,/,f,a,c,i,l,i,t,y,/,p,a,y,m,e,t,h,o,d,!,=,1
d,o,c,u,m,e,n,t,/,a,p,p,l,i,c,a,t,i,o,n,/,f,a,c,i,l,i,t,y,l,i,s,t,/,f,a,c,i,l,i,t,y,/,p,a,y,a,c,c,o,u,n,t,n,u,m,b,e,r
/,d,o,c,u,m,e,n,t,/,a,p,p,l,i,c,a,t,i,o,n,/,a,p,p,l,i,c,a,t,i,o,n,t,y,p,e,=,',M,O,'
d,o,c,u,m,e,n,t,/,a,p,p,l,i,c,a,t,i,o,n,/,c,u,s,t,o,m,e,r,/,a,p,p,l,y,w,i,t,h,c,c,f,l,a,g,=,',Y,'
d,o,c,u,m,e,n,t,/,a,p,p,l,i,c,a,t,i,o,n,/,c,u,s,t,o,m,e,r,/,a,p,p,l,y,w,i,t,h,c,c,f,l,a,g,!,=,',Y,'
d,o,c,u,m,e,n,t,/,a,p,p,l,i,c,a,t,i,o,n,/,c,u,s,t,o,m,e,r,/,a,p,p,l,y,w,i,t,h,c,c,f,l,a,g,=,',N,'
d,o,c,u,m,e,n,t,/,a,p,p,l,i,c,a,t,i,o,n,/,c,u,s,t,o,m,e,r,/,a,p,p,l,y,w,i,t,h,c,c,f,l,a,g,!,=,',N,'
d,o,c,u,m,e,n,t,/,a,p,p,l,i,c,a,t,i,o,n,/,f,a,c,i,l,i,t,y,l,i,s,t,/,f,a,c,i,l,i,t,y,/,p,r,o,d,u,c,t,c,o,d,e,=,',R,C,0,1,'
(,/,d,o,c,u,m,e,n,t,/,a,p,p,l,i,c,a,t,i,o,n,/,a,p,p,l,i,c,a,t,i,o,n,t,y,p,e,=,',M,O,',), ,a,n,d, ,(,d,o,c,u,m,e,n,t,/,a,p,p,l,i,c,a,t,i,o,n,/,f,a,c,i,l,i,t,y,l,i,s,t,/,f,a,c,i,l,i,t,y,/,p,r,o,d,u,c,t,c,o,d,e,=,',H,E,0,7,', ,o,r, ,d,o,c,u,m,e,n,t,/,a,p,p,l,i,c,a,t,i,o,n,/,f,a,c,i,l,i,t,y,l,i,s,t,/,f,a,c,i,l,i,t,y,/,p,r,o,d,u,c,t,c,o,d,e,=,',H,E,0,8,', ,o,r, ,d,o,c,u,m,e,n,t,/,a,p,p,l,i,c,a,t,i,o,n,/,f,a,c,i,l,i,t,y,l,i,s,t,/,f,a,c,i,l,i,t,y,/,p,r,o,d,u,c,t,c,o,d,e,=,',H,E,0,9,', ,o,r, ,d,o,c,u,m,e,n,t,/,a,p,p,l,i,c,a,t,i,o,n,/,f,a,c,i,l,i,t,y,l,i,s,t,/,f,a,c,i,l,i,t,y,/,p,r,o,d,u,c,t,c,o,d,e,=,',H,E,1,0,',)
d,o,c,u,m,e,n,t,/,a,p,p,l,i,c,a,t,i,o,n,/,a,p,p,l,i,c,a,t,i,o,n,t,y,p,e,=,',C,C,'
d,o,c,u,m,e,n,t,/,a,p,p,l,i,c,a,t,i,o,n,/,r,e,q,u,e,s,t,n,a,t,u,r,e,=,',2,6,'
d,o,c,u,m,e,n,t,/,a,p,p,l,i,c,a,t,i,o,n,/,j,o,i,n,t,c,u,s,t,o,m,e,r,l,i,s,t,/,c,u,s,t,o,m,e,r,/,c,c,d,e,t,a,i,l,s,/,p,r,o,d,u,c,t,t,y,p,e,d,e,s,c
d,o,c,u,m,e,n,t,/,a,p,p,l,i,c,a,t,i,o,n,/,r,e,q,u,e,s,t,n,a,t,u,r,e,=,',1,7,', ,o,r, ,d,o,c,u,m,e,n,t,/,a,p,p,l,i,c,a,t,i,o,n,/,r,e,q,u,e,s,t,n,a,t,u,r,e,=,',1,8,', ,o,r, ,d,o,c,u,m,e,n,t,/,a,p,p,l,i,c,a,t,i,o,n,/,r,e,q,u,e,s,t,n,a,t,u,r,e,=,',2,7,'
d,o,c,u,m,e,n,t,/,a,p,p,l,i,c,a,t,i,o,n,/,c,u,s,t,o,m,e,r,/,c,c,d,e,t,a,i,l,s,/,p,r,o,d,u,c,t,t,y,p,e,d,e,s,c
d,o,c,u,m,e,n,t,/,a,p,p,l,i,c,a,t,i,o,n,/,r,e,q,u,e,s,t,n,a,t,u,r,e,!,=,',1,7,', ,a,n,d, ,d,o,c,u,m,e,n,t,/,a,p,p,l,i,c,a,t,i,o,n,/,r,e,q,u,e,s,t,n,a,t,u,r,e,!,=,',1,8,', ,a,n,d, ,d,o,c,u,m,e,n,t,/,a,p,p,l,i,c,a,t,i,o,n,/,r,e,q,u,e,s,t,n,a,t,u,r,e,!,=,',2,6,', ,a,n,d, ,d,o,c,u,m,e,n,t,/,a,p,p,l,i,c,a,t,i,o,n,/,r,e,q,u,e,s,t,n,a,t,u,r,e,!,=,',2,7,'
d,o,c,u,m,e,n,t,/,a,p,p,l,i,c,a,t,i,o,n,/,c,u,s,t,o,m,e,r,/,c,c,d,e,t,a,i,l,s,/,p,r,o,d,u,c,t,t,y,p,e,d,e,s,c
/,d,o,c,u,m,e,n,t,/,a,p,p,l,i,c,a,t,i,o,n,/,a,p,p,l,i,c,a,t,i,o,n,t,y,p,e,=,',M,O,'
d,o,c,u,m,e,n,t,/,a,p,p,l,i,c,a,t,i,o,n,/,c,u,s,t,o,m,e,r,/,e,m,a,i,l,s,t,a,t,e,m,e,n,t,f,l,a,g,=,',N,'
d,o,c,u,m,e,n,t,/,a,p,p,l,i,c,a,t,i,o,n,/,c,u,s,t,o,m,e,r,/,e,m,a,i,l,s,t,a,t,e,m,e,n,t,f,l,a,g,!,=,',N,'
d,o,c,u,m,e,n,t,/,a,p,p,l,i,c,a,t,i,o,n,/,c,u,s,t,o,m,e,r,/,e,m,a,i,l,s,t,a,t,e,m,e,n,t,f,l,a,g,=,',N,'
d,o,c,u,m,e,n,t,/,a,p,p,l,i,c,a,t,i,o,n,/,c,u,s,t,o,m,e,r,/,e,m,a,i,l,s,t,a,t,e,m,e,n,t,f,l,a,g,!,=,',N,'
/,d,o,c,u,m,e,n,t,/,a,p,p,l,i,c,a,t,i,o,n,/,a,p,p,l,i,c,a,t,i,o,n,t,y,p,e,=,',P,L,'
d,o,c,u,m,e,n,t,/,a,p,p,l,i,c,a,t,i,o,n,/,f,a,c,i,l,i,t,y,l,i,s,t,/,f,a,c,i,l,i,t,y,/,f,a,c,i,l,i,t,y,c,o,d,e,=,',B,P,2,'
d,o,c,u,m,e,n,t,/,a,p,p,l,i,c,a,t,i,o,n,/,f,a,c,i,l,i,t,y,l,i,s,t,/,f,a,c,i,l,i,t,y,/,f,a,c,i,l,i,t,y,c,o,d,e,=,',C,2,G,'
d,o,c,u,m,e,n,t,/,a,p,p,l,i,c,a,t,i,o,n,/,f,a,c,i,l,i,t,y,l,i,s,t,/,f,a,c,i,l,i,t,y,/,f,a,c,i,l,i,t,y,c,o,d,e,=,',R,C,'
d,o,c,u,m,e,n,t,/,a,p,p,l,i,c,a,t,i,o,n,/,a,p,p,l,i,c,a,t,i,o,n,t,y,p,e,=,',C,C,'
d,o,c,u,m,e,n,t,/,a,p,p,l,i,c,a,t,i,o,n,/,r,e,q,u,e,s,t,n,a,t,u,r,e,!,=,',1,7,', ,a,n,d, ,d,o,c,u,m,e,n,t,/,a,p,p,l,i,c,a,t,i,o,n,/,r,e,q,u,e,s,t,n,a,t,u,r,e,!,=,',1,8,', ,a,n,d, ,d,o,c,u,m,e,n,t,/,a,p,p,l,i,c,a,t,i,o,n,/,r,e,q,u,e,s,t,n,a,t,u,r,e,!,=,',2,7,'
d,o,c,u,m,e,n,t,/,a,p,p,l,i,c,a,t,i,o,n,/,f,a,c,i,l,i,t,y,l,i,s,t,/,f,a,c,i,l,i,t,y,/,f,a,c,i,l,i,t,y,c,o,d,e,=,',R,C,', ,o,r, ,d,o,c,u,m,e,n,t,/,a,p,p,l,i,c,a,t,i,o,n,/,f,a,c,i,l,i,t,y,l,i,s,t,/,f,a,c,i,l,i,t,y,/,f,a,c,i,l,i,t,y,c,o,d,e,=,',C,2,G,'
/,d,o,c,u,m,e,n,t,/,a,p,p,l,i,c,a,t,i,o,n,/,a,p,p,l,i,c,a,t,i,o,n,t,y,p,e,=,',M,O,'
d,o,c,u,m,e,n,t,/,a,p,p,l,i,c,a,t,i,o,n,/,a,p,p,l,i,c,a,t,i,o,n,t,y,p,e,=,',C,C,'
/,d,o,c,u,m,e,n,t,/,a,p,p,l,i,c,a,t,i,o,n,/,a,p,p,l,i,c,a,t,i,o,n,t,y,p,e,=,',P,L,'
d,o,c,u,m,e,n,t,/,a,p,p,l,i,c,a,t,i,o,n,/,f,a,c,i,l,i,t,y,l,i,s,t,/,f,a,c,i,l,i,t,y,/,f,a,c,i,l,i,t,y,c,o,d,e,=,',B,P,2,'
d,o,c,u,m,e,n,t,/,a,p,p,l,i,c,a,t,i,o,n,/,f,a,c,i,l,i,t,y,l,i,s,t,/,f,a,c,i,l,i,t,y,/,f,a,c,i,l,i,t,y,c,o,d,e,!,=,',B,P,2,'
d,o,c,u,m,e,n,t,/,a,p,p,l,i,c,a,t,i,o,n,/,f,a,c,i,l,i,t,y,l,i,s,t,/,f,a,c,i,l,i,t,y,/,f,a,c,i,l,i,t,y,c,o,d,e,=,',C,2,G,'
d,o,c,u,m,e,n,t,/,a,p,p,l,i,c,a,t,i,o,n,/,f,a,c,i,l,i,t,y,l,i,s,t,/,f,a,c,i,l,i,t,y,/,f,a,c,i,l,i,t,y,c,o,d,e,!,=,',C,2,G,'
/,d,o,c,u,m,e,n,t,/,a,p,p,l,i,c,a,t,i,o,n,/,a,p,p,l,i,c,a,t,i,o,n,t,y,p,e,=,',M,O,'
/,d,o,c,u,m,e,n,t,/,a,p,p,l,i,c,a,t,i,o,n,/,a,p,p,l,i,c,a,t,i,o,n,t,y,p,e,=,',P,L,'
d,o,c,u,m,e,n,t,/,a,p,p,l,i,c,a,t,i,o,n,/,f,a,c,i,l,i,t,y,l,i,s,t,/,f,a,c,i,l,i,t,y,/,f,a,c,i,l,i,t,y,c,o,d,e,=,',B,P,2,', ,o,r, ,d,o,c,u,m,e,n,t,/,a,p,p,l,i,c,a,t,i,o,n,/,f,a,c,i,l,i,t,y,l,i,s,t,/,f,a,c,i,l,i,t,y,/,f,a,c,i,l,i,t,y,c,o,d,e,=,',C,2,G,'
d,o,c,u,m,e,n,t,/,a,p,p,l,i,c,a,t,i,o,n,/,f,a,c,i,l,i,t,y,l,i,s,t,/,f,a,c,i,l,i,t,y,/,p,r,o,d,u,c,t,c,o,d,e,=,',R,C,0,1,'
d,o,c,u,m,e,n,t,/,a,p,p,l,i,c,a,t,i,o,n,/,f,a,c,i,l,i,t,y,l,i,s,t,/,f,a,c,i,l,i,t,y,/,p,r,o,d,u,c,t,c,o,d,e,=,',R,C,0,2,'
d,o,c,u,m,e,n,t,/,a,p,p,l,i,c,a,t,i,o,n,/,a,p,p,l,i,c,a,t,i,o,n,t,y,p,e,=,',C,C,'
d,o,c,u,m,e,n,t,/,a,p,p,l,i,c,a,t,i,o,n,/,r,e,q,u,e,s,t,n,a,t,u,r,e,!,=,',1,7,', ,a,n,d, ,d,o,c,u,m,e,n,t,/,a,p,p,l,i,c,a,t,i,o,n,/,r,e,q,u,e,s,t,n,a,t,u,r,e,!,=,',1,8,', ,a,n,d, ,d,o,c,u,m,e,n,t,/,a,p,p,l,i,c,a,t,i,o,n,/,r,e,q,u,e,s,t,n,a,t,u,r,e,!,=,',2,7,'
d,o,c,u,m,e,n,t,/,a,p,p,l,i,c,a,t,i,o,n,/,r,e,q,u,e,s,t,n,a,t,u,r,e,=,',1,7,', ,o,r, ,d,o,c,u,m,e,n,t,/,a,p,p,l,i,c,a,t,i,o,n,/,r,e,q,u,e,s,t,n,a,t,u,r,e,=,',1,8,', ,o,r, ,d,o,c,u,m,e,n,t,/,a,p,p,l,i,c,a,t,i,o,n,/,r,e,q,u,e,s,t,n,a,t,u,r,e,=,',2,7,'
/,d,o,c,u,m,e,n,t,/,a,p,p,l,i,c,a,t,i,o,n,/,a,p,p,l,i,c,a,t,i,o,n,t,y,p,e,=,',P,L,'
d,o,c,u,m,e,n,t,/,a,p,p,l,i,c,a,t,i,o,n,/,f,a,c,i,l,i,t,y,l,i,s,t,/,f,a,c,i,l,i,t,y,/,p,r,o,d,u,c,t,c,o,d,e,=,',R,C,0,1,'
d,o,c,u,m,e,n,t,/,a,p,p,l,i,c,a,t,i,o,n,/,f,a,c,i,l,i,t,y,l,i,s,t,/,f,a,c,i,l,i,t,y,/,p,r,o,d,u,c,t,c,o,d,e,!,=,',R,C,0,1,'
d,o,c,u,m,e,n,t,/,a,p,p,l,i,c,a,t,i,o,n,/,a,p,p,l,i,c,a,t,i,o,n,t,y,p,e,=,',M,O,', ,o,r, ,d,o,c,u,m,e,n,t,/,a,p,p,l,i,c,a,t,i,o,n,/,a,p,p,l,i,c,a,t,i,o,n,t,y,p,e,=,',C,C,'
d,o,c,u,m,e,n,t,/,a,p,p,l,i,c,a,t,i,o,n,/,r,e,q,u,e,s,t,n,a,t,u,r,e,=,',2,6,'
d,o,c,u,m,e,n,t,/,a,p,p,l,i,c,a,t,i,o,n,/,j,o,i,n,t,c,u,s,t,o,m,e,r,l,i,s,t,/,c,u,s,t,o,m,e,r
.,.,/,.,.,/,.,.,/,.,.,/,d,o,c,u,m,e,n,t,/,a,p,p,l,i,c,a,t,i,o,n,/,a,p,p,l,i,c,a,t,i,o,n,r,e,f,e,r,e,n,c,e,n,o
.,.,/,.,.,/,.,.,/,.,.,/,d,o,c,u,m,e,n,t,/,a,p,p,l,i,c,a,t,i,o,n,/,r,e,q,u,e,s,t,n,a,t,u,r,e,d,e,s,c
.,.,/,.,.,/,.,.,/,.,.,/,d,o,c,u,m,e,n,t,/,a,p,p,l,i,c,a,t,i,o,n,/,c,u,s,t,o,m,e,r,/,i,d,t,y,p,e,1,d,e,s,c
.,.,/,.,.,/,.,.,/,.,.,/,d,o,c,u,m,e,n,t,/,a,p,p,l,i,c,a,t,i,o,n,/,c,u,s,t,o,m,e,r,/,i,d,n,o,1
.,.,/,.,.,/,.,.,/,.,.,/,d,o,c,u,m,e,n,t,/,a,p,p,l,i,c,a,t,i,o,n,/,c,u,s,t,o,m,e,r,/,c,c,d,e,t,a,i,l,s,/,e,x,i,s,t,c,a,r,d,n,u,m,b,e,r
.,.,/,.,.,/,.,.,/,.,.,/,d,o,c,u,m,e,n,t,/,a,p,p,l,i,c,a,t,i,o,n,/,c,u,s,t,o,m,e,r,/,t,h,a,i,s,a,l,u,t,a,t,i,o,n,c,o,d,e,d,e,s,c
.,.,/,.,.,/,.,.,/,.,.,/,d,o,c,u,m,e,n,t,/,a,p,p,l,i,c,a,t,i,o,n,/,c,u,s,t,o,m,e,r,/,t,h,a,i,n,a,m,e
.,.,/,.,.,/,.,.,/,.,.,/,d,o,c,u,m,e,n,t,/,a,p,p,l,i,c,a,t,i,o,n,/,c,u,s,t,o,m,e,r,/,t,h,a,i,s,u,r,n,a,m,e
.,.,/,.,.,/,.,.,/,.,.,/,d,o,c,u,m,e,n,t,/,a,p,p,l,i,c,a,t,i,o,n,/,c,u,s,t,o,m,e,r,/,m,o,b,i,l,e,n,o
.,.,/,.,.,/,.,.,/,.,.,/,.,.,/,.,.,/,d,o,c,u,m,e,n,t,/,a,p,p,l,i,c,a,t,i,o,n,/,j,o,i,n,t,c,u,s,t,o,m,e,r,l,i,s,t,/,c,u,s,t,o,m,e,r,/,e,m,p,l,o,y,m,e,n,t,f,a,x,n,o
d,o,c,u,m,e,n,t,/,a,p,p,l,i,c,a,t,i,o,n,/,b,o,o,k,b,r,a,n,c,h,c,o,d,e,d,e,s,c
d,o,c,u,m,e,n,t,/,a,p,p,l,i,c,a,t,i,o,n,/,b,o,o,k,b,r,a,n,c,h,c,o,d,e
d,o,c,u,m,e,n,t,/,a,p,p,l,i,c,a,t,i,o,n,/,s,a,l,e,s,d,e,s,c
d,o,c,u,m,e,n,t,/,a,p,p,l,i,c,a,t,i,o,n,/,s,a,l,e,s,s,t,a,f,f,n,a,m,e
d,o,c,u,m,e,n,t,/,a,p,p,l,i,c,a,t,i,o,n,/,s,a,l,e,s,s,t,a,f,f,c,o,d,e
d,o,c,u,m,e,n,t,/,a,p,p,l,i,c,a,t,i,o,n,/,s,a,l,e,s,c,o,n,t,a,c,t,n,u,m,b,e,r
d,o,c,u,m,e,n,t,/,a,p,p,l,i,c,a,t,i,o,n,/,r,e,f,e,r,r,a,l,s,t,a,f,f,n,a,m,e
d,o,c,u,m,e,n,t,/,a,p,p,l,i,c,a,t,i,o,n,/,r,e,f,e,r,r,a,l,s,t,a,f,f,n,o
d,o,c,u,m,e,n,t,/,a,p,p,l,i,c,a,t,i,o,n,/,c,u,s,t,o,m,e,r,/,b,u,s,i,n,e,s,s,t,y,p,e,d,e,s,c
d,o,c,u,m,e,n,t,/,a,p,p,l,i,c,a,t,i,o,n,/,c,u,s,t,o,m,e,r,/,b,u,s,i,n,e,s,s,s,u,b,t,y,p,e,d,e,s,c
d,o,c,u,m,e,n,t,/,a,p,p,l,i,c,a,t,i,o,n,/,a,p,p,l,i,c,a,t,i,o,n,t,y,p,e,=,',C,C,'
d,o,c,u,m,e,n,t,/,a,p,p,l,i,c,a,t,i,o,n,/,c,u,s,t,o,m,e,r,/,c,c,d,e,t,a,i,l,s,/,c,a,m,p,a,i,g,n,c,o,d,e
d,o,c,u,m,e,n,t,/,a,p,p,l,i,c,a,t,i,o,n,/,c,u,s,t,o,m,e,r,/,c,c,d,e,t,a,i,l,s,/,c,a,m,p,a,i,g,n,n,a,m,e
/,d,o,c,u,m,e,n,t,/,a,p,p,l,i,c,a,t,i,o,n,/,a,p,p,l,i,c,a,t,i,o,n,t,y,p,e,=,',P,L,'
d,o,c,u,m,e,n,t,/,a,p,p,l,i,c,a,t,i,o,n,/,f,a,c,i,l,i,t,y,l,i,s,t,/,f,a,c,i,l,i,t,y,/,c,a,c,a,m,p,a,i,g,n,c,o,d,e
d,o,c,u,m,e,n,t,/,a,p,p,l,i,c,a,t,i,o,n,/,f,a,c,i,l,i,t,y,l,i,s,t,/,f,a,c,i,l,i,t,y,/,c,a,m,p,a,i,g,n,n,a,m,e
/,d,o,c,u,m,e,n,t,/,a,p,p,l,i,c,a,t,i,o,n,/,a,p,p,l,i,c,a,t,i,o,n,t,y,p,e,=,',M,O,'
d,o,c,u,m,e,n,t,/,a,p,p,l,i,c,a,t,i,o,n,/,f,a,c,i,l,i,t,y,l,i,s,t,/,f,a,c,i,l,i,t,y
